Url,Name,Brand,Model,Type,City,Engine,Color,Fuel_Type,Warranty,Dealer_Name,Chassis,Year,Door,Seats,Power,Other,Date
https://www.autotrader.com/cars-for-sale/vehicledetails.xhtml?listingId=689649005,Used 2017 Toyota RAV4 LE,Toyota,RAV4 LE,,"3451 West Loop 820 S, Fort Worth, TX 76116",2.5L 4-Cylinder Gas Engine,"Black Currant Metallic Exterior
Black Interior
",Gas,,Fort Worth Nissan,,2017,,,,"Exterior
Auto High-beam HeadlightsBumpers: body-colorFully automatic headlightsPower door mirrorsRear window wiperSpoiler
Interior
Air ConditioningDriver door binDriver vanity mirrorFabric Seat TrimFront Bucket SeatsFront Center ArmrestFront reading lightsOverhead consolePassenger door binPassenger vanity mirrorPower windowsRear seat center armrestRear window defrosterSplit folding rear seatSteering wheel mounted audio controlsTachometerTelescoping steering wheelTilt steering wheelTrip computer
Safety
ABS brakesBrake assistDual front impact airbagsDual front side impact airbagsElectronic Stability ControlKnee airbagLow tire pressure warningOccupant sensing airbagOverhead airbagPanic alarmTraction control
Mechanical
3.815 Axle Ratio4-Wheel Disc BrakesFour wheel independent suspensionPower steeringSpeed-sensing steering
Technology
6 SpeakersAM/FM radioCD playerExterior Parking Camera RearRadio data systemRadio: Entune AM/FM/CD/MP3/WMA Playback w/6 SpeakersRemote keyless entrySpeed control
Other
Front anti-roll barIlluminated entryOutside temperature displayRear anti-roll barWheels: 17"""" x 6.5J
","05/09/2023, 13:55:51"
https://www.autotrader.com/cars-for-sale/vehicledetails.xhtml?listingId=691980924,Used 2019 GMC Acadia Denali w/ Technology Package,GMC,Acadia Denali w/ Technology Package,,"785 Jason Blvd, Myrtle Beach, SC 29577",3.6L 6-Cylinder Gas Engine,"Quicksilver Metallic Exterior
Jet Black Leather Seats
",Gas,,Myrtle Beach Chrysler Jeep,,2019,,,,"Exterior
Alloy wheelsAuto High-beam HeadlightsAuto-dimming door mirrorsBumpers: body-colorDelay-off headlightsFront fog lightsFully automatic headlightsHeated door mirrorsHigh-Intensity Discharge HeadlightsPower door mirrorsRear window wiperSpoilerWheels: 20"" x 8.0"" Polished Aluminum (4)
Interior
2-Position Memory Driver Seat3RD ROW SEATING!3rd Row All-Weather Floor Liner (LPO)3rd row seats: split-bench6-Passenger (2-2-2 Seating Configuration)8-Way Power Front Passenger Seat AdjusterAir ConditioningAll-Weather Floor Liner (LPO)Auto-dimming Rear-View mirrorDriver door binDriver vanity mirrorDual SkyScape 2-Panel Power SunroofFront Bucket SeatsFront Center ArmrestFront dual zone A/CFront reading lightsGarage door transmitterHEATED AND COOLED LEATHER SEATSHeated Driver & Front Passenger SeatsHeated front seatsHeated rear seatsHeated steering wheelIntegrated Cargo Liner (LPO) (DISC)MOONROOF/SUNROOFMemory seatOverhead consolePassenger door binPassenger vanity mirrorPerforated Leather-Appointed Seat TrimPower Driver Lumbar Control Seat AdjusterPower LiftgatePower Passenger Lumbar Control Seat AdjusterPower driver seatPower passenger seatPower windowsRear air conditioningRear reading lightsRear window defrosterSteering wheel mounted audio controlsTachometerTelescoping steering wheelTilt steering wheelTrip computerVariably intermittent wipersVentilated Driver & Front Passenger SeatsVentilated front seatsVoltmeter
Safety
ABS brakesBrake assistDual front impact airbagsDual front side impact airbagsElectronic Stability ControlFirst Aid Kit (LPO)Knee airbagLow tire pressure warningOccupant sensing airbagOverhead airbagPanic alarmSecurity systemTraction control
Mechanical
3.16 Axle Ratio4-Wheel Disc BrakesFour wheel independent suspensionPower steeringSpeed-sensing steering
Technology
8 SpeakersAM/FM radio: SiriusXMAdvanced Adaptive Cruise ControlAutomatic temperature controlBLUETOOTH HANDS-FREE CALLING!Bose Premium 8-Speaker SystemCompassElectronic Cruise Control w/Set & Resume SpeedExterior Parking Camera RearNavigation SystemPremium audio system: GMC Infotainment SystemREAR VIEW BACK-UP CAMERA!Radio data systemRadio: AM/FM w/8"" Diagonal Color Touch Screen & NavRemote keyless entrySiriusXM RadioSpeed control
Other
Apple CarPlay/Android AutoBird's Eye View Surround VisionEmergency communication system: OnStar and GMC connected services capableFloor Liner Package (LPO)Forward Automatic BrakingFront License Plate BracketFront anti-roll barHighway Safety KitIlluminated entryOutside temperature displayPreferred Equipment Group 5SARear anti-roll barRoadside Safety Package (LPO)Roof rack: rails onlyTechnology Package
Technology Package
(KSG) Adaptive Cruise Control - Advanced and (UGN) Forward Automatic BrakingIncludes (UVH) Surround Vision
LPO, Floor Liner Package
LPOLPO and (CAV) integrated cargo liner(RIB) third row all-weather floor linerLPOIncludes (RIA) front and second row all-weather floor liner
LPO, Roadside Safety Package
LPOLPO and (S08) Highway Safety KitIncludes (RYT) First-Aid Kit
","05/09/2023, 13:56:00"
https://www.autotrader.com/cars-for-sale/vehicledetails.xhtml?listingId=690541855,Used 2016 Cadillac ATS Luxury w/ Sun And Sound Package,Cadillac,ATS Luxury w/ Sun And Sound Package,,"11640 VENTURA BLVD, Studio City, CA 91604",2.0L 4-Cylinder Turbo Gas Engine,"Red Exterior
Tan Leather Seats
",Gas,,LA Auto Center LLC,,2016,,,,"Exterior
Interior
Safety
Mechanical
Technology
Other
Sun And Sound Package
","05/09/2023, 13:56:06"
https://www.autotrader.com/cars-for-sale/vehicledetails.xhtml?listingId=692055952,Used 2011 Kia Soul + w/ Audio Pkg,Kia,Soul + w/ Audio Pkg,,"100 FORDING ISLAND RD, Bluffton, SC 29910",2.0L 4-Cylinder Gas Engine,"Titanium Exterior
Black Seat Trim
",Gas,,Stokes Toyota Hilton Head,,2011,,,,"Exterior
Aluminum WheelsAutomatic HeadlightsPower Mirror(s)Tires - Front PerformanceTires - Rear Performance
Interior
A/CAdjustable Steering WheelBLACK SEAT TRIMBucket SeatsCARPETED FLOORMATSCloth SeatsDriver Vanity MirrorFront Reading LampsIntermittent WipersPass-Through Rear SeatPassenger Vanity MirrorPower Door LocksPower OutletPower WindowsPrivacy GlassRear Bench SeatRear DefrostSteering Wheel Audio ControlsTrip ComputerVariable Speed Intermittent Wipers
Safety
ABSBrake AssistChild Safety LocksDriver Air BagFront Head Air BagFront Side Air BagPassenger Air BagPassenger Air Bag SensorRear Head Air BagStability ControlTire Pressure MonitorTraction Control
Mechanical
4-Wheel Disc BrakesFront Wheel DrivePower Steering
Technology
AM/FM StereoAuxiliary Audio InputBluetooth ConnectionCD PlayerCruise ControlKeyless EntryMP3 PlayerSatellite Radio
Other
AUDIO PKG -inc: 315-watt amp center speaker amplifier subwoofer speaker lampsRequires SubscriptionTITANIUM
Audio Pkg
speaker lampssubwooferamplifiercenter speakerIncludes 315-watt amp
","05/09/2023, 13:56:14"
https://www.autotrader.com/cars-for-sale/vehicledetails.xhtml?listingId=692376447,Used 2017 GMC Savana 2500 LT w/ LT Preferred Equipment Group,GMC,Savana 2500 LT w/ LT Preferred Equipment Group,,"333 W Rand Rd, Mt. Prospect, IL 60056",4.8L 8-Cylinder Gas Engine,"Quicksilver Metallic Exterior
Medium Pewter Interior
",Gas,,Nelson Automotive,,2017,,,,"LT Preferred Equipment Group
","05/09/2023, 13:56:20"
https://www.autotrader.com/cars-for-sale/vehicledetails.xhtml?listingId=689897443,Used 2022 Kia Sorento SX,Kia,Sorento SX,,"5665 Dixie Hwy, Fairfield, OH 45014",2.5L 4-Cylinder Turbo Gas Engine,"Passion Red Tintcoat Exterior
Black Leather Seats
",Gas,,Jeff Wyler Hyundai of Fairfield,,2022,,,,"Exterior
Aluminum WheelsAutomatic HeadlightsAutomatic HighbeamsFog LampsHands-Free LiftgateHeated MirrorsIntegrated Turn Signal MirrorsLED HeadlightsPower Mirror(s)Rear SpoilerTires - Front PerformanceTires - Rear Performance
Interior
3rd Row SeatA/CAdjustable Steering WheelBucket SeatsCARPETED FLOOR MATSClimate ControlDriver Adjustable LumbarDriver Illuminated Vanity MirrorDriver Vanity MirrorGeneric Sun/MoonroofHeated Front Seat(s)Intermittent WipersLeather Steering WheelMulti-Zone A/CPanoramic RoofPass-Through Rear SeatPassenger Illuminated Visor MirrorPassenger Vanity MirrorPower Door LocksPower Driver SeatPower LiftgatePower Passenger SeatPower WindowsPremium Synthetic SeatsPrivacy GlassRear A/CRear Bucket SeatsRear DefrostRemote Trunk ReleaseSteering Wheel Audio ControlsSun/MoonroofTrip ComputerVariable Speed Intermittent Wipers
Safety
ABSBlind Spot MonitorBrake AssistChild Safety LocksCross-Traffic AlertDaytime Running LightsDriver Air BagFront Head Air BagFront Side Air BagKnee Air BagLane Departure WarningLane Keeping AssistPassenger Air BagPassenger Air Bag SensorRear Head Air BagSecurity SystemStability ControlTemporary Spare TireTire Pressure MonitorTraction Control
Mechanical
4-Wheel Disc BrakesFront Wheel DrivePower SteeringTurbocharged
Technology
AM/FM StereoAdaptive Cruise ControlAuxiliary Audio InputBack-Up CameraBluetooth ConnectionCruise ControlHD RadioImmobilizerKeyless EntryKeyless StartMP3 PlayerNavigation SystemRear Parking AidRemote Engine StartSatellite RadioTelematics
Other
BLACK SYNTEX ARTIFICIAL LEATHER SEAT TRIMCruise Control Steering AssistDriver MonitoringFront Collision MitigationPASSION RED TINTCOATRear Collision MitigationRequires SubscriptionSmart Device Integration
","05/09/2023, 13:56:28"
https://www.autotrader.com/cars-for-sale/vehicledetails.xhtml?listingId=690566968,Used 2020 Volkswagen Passat 2.0T SE,Volkswagen,Passat 2.0T SE,,"1810 Howe Ave, Sacramento, CA 95825",2.0L 4-Cylinder Turbo Gas Engine,"White Exterior
Titan Black Interior
",Gas,,Mercedes-Benz of Sacramento,,2020,,,,"Exterior
17"" x 7J 10-Spoke Alloy WheelsAlloy wheelsBumpers: body-colorDelay-off headlightsFully automatic headlightsHeated door mirrorsPower door mirrorsTurn signal indicator mirrors
Interior
Air ConditioningAuto-dimming Rear-View mirrorDriver door binDriver vanity mirrorFront Bucket SeatsFront Center ArmrestFront dual zone A/CFront reading lightsHeated Front Comfort SeatsHeated front seatsLeather Shift KnobOverhead consolePassenger door binPassenger vanity mirrorPerforated V-Tex Leatherette Seating SurfacesPower driver seatPower windowsRear reading lightsRear seat center armrestRear window defrosterSplit folding rear seatSteering wheel mounted audio controlsTachometerTelescoping steering wheelTilt steering wheelTrip computerVariably intermittent wipers
Safety
ABS brakesBrake assistDual front impact airbagsDual front side impact airbagsElectronic Stability ControlLow tire pressure warningOccupant sensing airbagOverhead airbagPanic alarmTraction control
Mechanical
4-Wheel Disc BrakesFour wheel independent suspensionPower steeringSpeed-sensing steering
Technology
6 SpeakersAM/FM radio: SiriusXMAutomatic temperature controlExterior Parking Camera RearRadio data systemRain sensing wipersRemote keyless entrySpeed control
Other
**1 PREVIOUS OWNER****CLEAN CARFAX: NO ACCIDENTS****WELL MAINTAINED VEHICLE**Android Auto & MirrorLink)Front anti-roll barIlluminated entryOutside temperature displayRadio: Composition Media w/TouchscreenRear anti-roll barVW App-Connect (w/Apple CarPlay
","05/09/2023, 13:56:36"
https://www.autotrader.com/cars-for-sale/vehicledetails.xhtml?listingId=691671033,Used 2022 Genesis GV80 2.5T w/ Cargo Package,Genesis,GV80 2.5T w/ Cargo Package,,"3200 MIDDLEBURY ST, Elkhart, IN 46516",2.5L 4-Cylinder Turbo Gas Engine,"Green Exterior
",Gas,,Auto Elite,,2022,,,,"Exterior
Alloy WheelsAutomatic HeadlightsHeated Exterior MirrorLocking Pickup Truck TailgateRun Flat Tires
Interior
Air ConditioningDriver Multi-Adjustable Power SeatElectrochromic Interior Rearview MirrorFront Heated SeatFront Power Lumbar SupportHeated Steering WheelLeather Steering WheelPassenger Multi-Adjustable Power SeatPower Door LocksPower WindowsSeparate Driver/Front Passenger Climate ControlsSteering Wheel Mounted ControlsTachometerTelescopic Steering ColumnTilt SteeringTrip Computer
Safety
ABS BrakesChild Safety Door LocksDaytime Running LightsDriver AirbagElectronic Brake AssistanceFront Side AirbagFront Side Airbag with Head ProtectionPassenger AirbagTire Pressure MonitorTraction ControlVehicle Anti-TheftVehicle Stability Control System
Mechanical
4WD/AWDLimited Slip Differential
Technology
AM/FM RadioCruise ControlElectronic Parking AidKeyless EntryRemote Ignition
Cargo Package
Seatback Cargo MatIncludes First Aid Kit
","05/09/2023, 13:56:44"
https://www.autotrader.com/cars-for-sale/vehicledetails.xhtml?listingId=692700247,Used 2021 Alfa Romeo Stelvio Ti w/ Nero Edizione,Alfa,Romeo Stelvio Ti w/ Nero Edizione,,"130 Sunrise Hwy, West Islip, NY 11795",2.0L 4-Cylinder Turbo Gas Engine,"Montecarlo Blue Metallic Exterior
Black/Chocolate Leather Seats
",Gas,,Volkswagen of West Islip,,2021,,,,"Exterior
Alloy wheelsAuto High Beam Headlamp ControlAuto-Dimming Exterior MirrorsBumpers: body-colorDark Miron BadgingDark Miron Exterior Mirror CapsDark Miron V Scudetto GrilleDelay-off headlightsFully automatic headlightsGloss Black Roof RailsGloss Black Window Surround MoldingsHeated door mirrorsHigh intensity discharge headlights: Bi-XenonPower door mirrorsRear fog lightsRear window wiperSpoilerTurn signal indicator mirrorsWheels: 19"" x 8.0"" Y-Spoke Aluminum
Interior
Air ConditioningAuto-dimming Rear-View mirrorDriver door binDriver vanity mirrorFront Bucket SeatsFront Center ArmrestFront dual zone A/CFront reading lightsGarage door transmitterGenuine wood console insertGenuine wood dashboard insertGenuine wood door panel insertHeated front seatsHeated steering wheelLEATHER SEATINGLeather SeatsLeather Shift KnobMemory seatOverhead consolePANORAMIC SUNROOFPassenger door binPassenger vanity mirrorPerforated Leather Shift KnobPower LiftgatePower driver seatPower moonroofPower passenger seatPower windowsRear reading lightsRear seat center armrestRear window defrosterSpeed-Sensitive WipersSplit folding rear seatSteering wheel mounted audio controlsTachometerTelescoping steering wheelTilt steering wheelTrip computerVariably intermittent wipers
Safety
ABS brakesActive Blind Spot AssistBLIND SPOT WARNINGBrake assistDual front impact airbagsDual front side impact airbagsElectronic Stability ControlKnee airbagLane Keep AssistLow tire pressure warningOccupant sensing airbagOverhead airbagPanic alarmSecurity systemTraction control
Mechanical
3.73 Axle Ratio4-Wheel Disc BrakesFour wheel independent suspensionPower steeringSpeed-sensing steering
Technology
8 SpeakersAM/FM radio: SiriusXMAdaptive Cruise Control w/StopAutomatic temperature controlCompassNavigation SystemPARKING SENSORSParkView Rear Back-Up CameraREAR VIEW CAMERARadio data systemRain sensing wipersRear audio controlsRemote keyless entrySpeed control
Other
APPLE CAR PLAYActive Assist 2 Package TiApple CarPlay/Android AutoCLEAN CARFAXDriver Attention AlertFront anti-roll barHighway Assist SystemIlluminated entryInfrared WindshieldIntelligent Speed Assist (ISA)LANE DEPARTUREMiron Black Rear Valence PanelMonochromatic Center Wheel CapsNero EdizioneONE OWNEROutside temperature displayQuick Order Package 22G TiRadio: AM/FM/HD 8.8"" w/NavigationRear anti-roll barRoof rack: rails onlySport Leather-Wrapped Steering WheelTraffic Jam AssistTraffic Sign RecognitionVOLKSWAGEN CERTIFIED
Nero Edizione
Dark Miron Exterior Mirror CapsDark Miron BadgingGloss Black Roof RailsDark Miron V Scudetto GrilleMonochromatic Center Wheel CapsMiron Black Rear Valence PanelIncludes Gloss Black Window Surround Moldings
","05/09/2023, 13:56:52"
https://www.autotrader.com/cars-for-sale/vehicledetails.xhtml?listingId=688290712,Used 2021 Toyota Prius,Toyota,Prius,,"2501 East Springs Drive, Madison, WI 53704",Hybrid: Gas/Electric,"Silver Exterior
Black Interior
",Gas/Electric,,Goben Cars,,2021,,,,"Exterior
Alloy WheelsLED HeadlampsRear Spoiler
Interior
Air ConditioningPower Door LocksPower WindowsPush Button Start
Safety
ABS (4-Wheel)Blind-Spot MonitorDaytime Running LightsDual Air BagsF&R Head Curtain Air BagsKnee Air BagsLane Departure AlertSide Air BagsStability ControlTraction Control
Mechanical
4-Cyl Hybrid 1.8 LiterAutomatic ECVTFWDPower Steering
Technology
AM/FMAM/FM StereoBackup CameraBluetooth WirelessDynamic Radar Cruise ControlHill Start Assist ControlKeyless EntrySiriusXM Satellite
Other
Safety ConnectTilt & Telescoping Wheel
","05/09/2023, 13:57:00"
https://www.autotrader.com/cars-for-sale/vehicledetails.xhtml?listingId=688990230,Used 2017 Lincoln MKZ Reserve,Lincoln,MKZ Reserve,,"6272 S MARTIN LUTHER KING JR BLVD, Lansing, MI 48911",2.0L 4-Cylinder Turbo Gas Engine,"Gray Exterior
Black Leather Seats
",Gas,,Empire Motors of Lansing,,2017,,,,"Exterior
Alloy WheelsHigh Intensity Discharge Headlights
Interior
Adjustable Foot PedalsAir ConditioningCargo Area TiedownsDriver Multi-Adjustable Power SeatElectrochromic Interior Rearview MirrorFront Heated SeatFront Power Lumbar SupportInterval WipersLeather SeatLeather Steering WheelPassenger Multi-Adjustable Power SeatPower Door LocksPower WindowsRear Window DefoggerSeparate Driver/Front Passenger Climate ControlsSteering Wheel Mounted ControlsTachometerTelescopic Steering ColumnTilt SteeringTrip Computer
Safety
ABS BrakesChild Safety Door LocksDriver AirbagFront Side AirbagPassenger AirbagSide Head Curtain AirbagTire Pressure MonitorTraction ControlVehicle Anti-TheftVehicle Stability Control System
Technology
AM/FM RadioCruise ControlKeyless EntryTelematics SystemVoice Activated Telephone
Other
Navigation Aid
","05/09/2023, 13:57:08"
https://www.autotrader.com/cars-for-sale/vehicledetails.xhtml?listingId=691904668,Used 2017 Kia Sportage LX w/ LX Popular Package,Kia,Sportage LX w/ LX Popular Package,,"4400 Landers Road, North Little Rock, AR 72117",2.4L 4-Cylinder Gas Engine,"Hyper Red Exterior
Black Interior
",Gas,,Mark McLarty Ford Lincoln,,2017,,,,"Exterior
17"" Alloy WheelsAlloy wheelsBumpers: body-colorDelay-off headlightsFully automatic headlightsHeated Exterior MirrorsPower door mirrorsRear window wiperRoof RailsSpoilerWindshield Wiper De-Icer
Interior
8-Way Power Driver's Seat w/2-Way Power LumbarAir ConditioningCleanTex Anti-Soil Cloth Seat TrimCloth Seat TrimDriver door binDriver vanity mirrorDual Illuminated Visor Vanity MirrorsFront Bucket SeatsFront Center ArmrestFront reading lightsHeated Front SeatsOverhead consolePassenger door binPassenger vanity mirrorPower windowsRear Center Armrest w/Cup HoldersRear seat center armrestRear window defrosterSplit folding rear seatSteering wheel mounted audio controlsTachometerTelescoping steering wheelTilt steering wheelTrip computerVariably intermittent wipers
Safety
ABS brakesBrake assistDual front impact airbagsDual front side impact airbagsElectronic Stability ControlLow tire pressure warningOccupant sensing airbagOverhead airbagPanic alarmSecurity systemTraction control
Mechanical
3.064 Axle Ratio4-Wheel Disc BrakesFour wheel independent suspensionPower steeringSpeed-sensing steering
Technology
6 SpeakersAM/FM radio: SiriusXMCD playerExterior Parking Camera RearRadio: AM/FM/CD/MP3/SiriusXMRemote keyless entrySpeed control
Other
*** BLUE CERTIFIED *** 90-Day/4000 Miles Comprehensive Coverage.Front anti-roll barIlluminated entryLX Popular PackageOutside temperature displayRear anti-roll bar
LX Popular Package
8-Way Power Driver's Seat w/2-Way Power LumbarDual Illuminated Visor Vanity MirrorsHeated Front SeatsWindshield Wiper De-IcerRoof RailsRear Center Armrest w/Cup HoldersIncludes Heated Exterior Mirrors
","05/09/2023, 13:57:16"
https://www.autotrader.com/cars-for-sale/vehicledetails.xhtml?listingId=691311643,Used 2020 Tesla Model 3 Standard Range Plus,Tesla,Model 3 Standard Range Plus,,"10939 Atlantic Boulevard, Jacksonville, FL 32225",Electric Engine,"Deep Blue Metallic Exterior
Black Interior
",Electric,,Arlington Toyota,,2020,,,,"Exterior
Interior
Safety
Mechanical
Technology
Other
","05/09/2023, 13:57:23"
https://www.autotrader.com/cars-for-sale/vehicledetails.xhtml?listingId=689477062,Used 2020 GMC Sierra 1500 SLT w/ SLT Premium Package,GMC,Sierra 1500 SLT w/ SLT Premium Package,,"6350 Leland St, Ventura, CA 93003",3.0L 6-Cylinder Turbo Diesel Engine,"Summit White Exterior
Jet Black Leather Seats
",Electric,,Paradise Chevrolet,,2020,,,,"Exterior
20"" x 9"" Polished Aluminum WheelsAlloy wheelsAuto-dimming door mirrorsBumpers: chromeChrome GrilleDelay-off headlightsFront fog lightsFully automatic headlightsHeated door mirrorsPower door mirrorsRear step bumperSpray-On Pickup Bed Liner w/GMC LogoWheels: 18"" x 8.5"" 6-Spoke Machined Aluminum
Interior
10-Way Power Driver Seat Adjuster w/Lumbar10-Way Power Passenger Seat Adjuster w/Lumbar12-Volt Rear Auxiliary Power Outlet120-Volt Bed Mounted Power Outlet120-Volt Instrument Panel Power OutletAir ConditioningAuto-dimming Rear-View mirrorColor-Keyed Carpeting Floor CoveringDeep-Tinted GlassDriver MemoryDriver door binDriver vanity mirrorElectric Rear-Window DefoggerElectrical Lock Control Steering ColumnFloor-Mounted Center ConsoleFront 40/20/40 Split-Bench SeatFront Bucket SeatsFront Center Armrest w/StorageFront dual zone A/CFront reading lightsHeated front seatsHeated steering wheelLED Cargo Area LightingManual Tilt-Wheel & Telescoping Steering ColumnMemory seatOverhead consolePassenger door binPassenger vanity mirrorPerforated Leather-Appointed Front Seat TrimPower Door LocksPower Front Passenger Windows w/Express Up/DownPower Front Windows w/Driver Express Up/DownPower Rear Windows w/Express DownPower Sliding Rear Window w/Rear DefoggerPower driver seatPower passenger seatPower windowsRear reading lightsRear seat center armrestRear window defrosterSplit folding rear seatSteering Wheel Audio ControlsSteering wheel mounted audio controlsTachometerTelescoping steering wheelTilt steering wheelTrip computerUniversal Home RemoteVariably intermittent wipersVentilated Driver & Front Passenger SeatsVoltmeter
Safety
ABS brakesBrake assistDual front impact airbagsDual front side impact airbagsElectronic Stability ControlLow tire pressure warningOccupant sensing airbagOverhead airbagPanic alarmSecurity systemTheft Deterrent System (Unauthorized Entry)Traction control
Mechanical
3.23 Rear Axle Ratio4-Wheel Disc BrakesAuxiliary External Transmission Oil CoolerEngine Block HeaterFront wheel independent suspensionPower steeringSpeed-sensing steeringTrailering Package
Technology
2 USB Ports (1st Row)6 Speakers6-Speaker Audio System FeatureAM/FM radio: SiriusXM with 360LAutomatic temperature controlCompassHD RadioIntegrated Trailer Brake ControllerOnStar & GMC Connected Services CapablePremium audio system: GMC Infotainment SystemRadio data systemRemote Vehicle Starter SystemRemote keyless entrySiriusXM w/360LSpeed control
Other
170 Amp Alternator220 Amp Alternator4G LTE Wi-Fi Hotspot CapableApple CarPlay/Android AutoChrome Wheel To Wheel Assist StepsFront License Plate KitFront anti-roll barGMC Connected Access CapableHeated 2nd Row Outboard SeatsHeated Driver & Front Outboard Passenger SeatingHeavy Duty SuspensionHeavy-Duty Rear Locking DifferentialHitch GuidanceHitch Guidance w/Hitch ViewIlluminated entryIn-Vehicle Trailering AppKeyless Open & StartOutside temperature displayPreferred Equipment Group 4SAProGrade Trailering SystemRadio: Premium GMC Infotainment Sys w/Multi-TouchRear Dual USB Charging-Only PortsRear Wheelhouse LinersSLT Convenience PackageSLT Premium Package
SLT Premium Package
LPO.Double Cab models also include (VXH) 6"" rectangular chromed tubular assist stepsIncludes (PCY) SLT Convenience Package and (NZM) 20"" Polished aluminum wheels; Crew Cab models also include (BVT) Chrome assist steps
SLT Convenience Package
(MCZ) 2 USB ports with auxiliary input and (KA6) rear heated seats(UG1) Universal Home Remote(A48) rear sliding power window(KQV) ventilated front seatsIncludes (A50) bucket seats with (D07) center console
","05/09/2023, 13:57:30"
https://www.autotrader.com/cars-for-sale/vehicledetails.xhtml?listingId=691964405,Used 2015 Volkswagen Jetta GLI SE,Volkswagen,Jetta GLI SE,,"1500 N.W. South Outer Rd, Blue Springs, MO 64015",2.0L 4-Cylinder Turbo Gas Engine,"Silver Exterior
",Gas,,Universal Auto Plaza,,2015,,,,"Exterior
Alloy wheelsBumpers: body-colourDelay-off headlightsFront fog lightsFully automatic headlightsHeated door mirrorsPower door mirrorsSpoilerTurn signal indicator mirrors
Interior
Air ConditioningAuto-dimming Rear-View mirrorDriver door binDriver vanity mirrorFront Bucket SeatsFront dual zone A/CFront reading lightsHeatable Sport Bucket SeatsHeated front seatsLeather Shift KnobLeather steering wheelOverhead consolePassenger door binPassenger vanity mirrorPower windowsRear reading lightsRear window defrosterSplit folding rear seatSport steering wheelSteering wheel mounted audio controlsTachometerTelescoping steering wheelTilt steering wheelTrip computerVariably intermittent wipers
Safety
ABS brakesBrake assistDual front impact airbagsDual front side impact airbagsElectronic Stability ControlOccupant sensing airbagOverhead airbagPanic alarmSecurity systemTraction control
Mechanical
4-Wheel Disc BrakesFour wheel independent suspensionPower steeringSpeed-sensing steering
Technology
AM/FM radio: SiriusXMAutomatic temperature controlBluetooth Mobile Phone ConnectivityCD playerExterior Parking Camera RearMedia Device Interface (MDI) w/iPod ConnectivityRadio data systemRadio: Premium 8 AM/FM Sound System w/6-Disc CDRain sensing wipersRemote keyless entrySpeed control
Other
Front anti-roll barIlluminated entryOutside temperature displayRear anti-roll barUnique Leatherette Seat Trim
","05/09/2023, 13:57:37"
https://www.autotrader.com/cars-for-sale/vehicledetails.xhtml?listingId=689251951,Used 2014 Kia Sorento LX,Kia,Sorento LX,,"725 N Maple Ave, Danville, KY 40422",2.4L 4-Cylinder Gas Engine,"Ebony Black Exterior
Black Leather Seats
",Gas,,Bob Allen Motor Mall,,2014,,,,"Exterior
Black Bodyside Cladding and Black Wheel Well TrimBlack Grille w/Chrome SurroundBlack Side Windows Trim and Black Front Windshield TrimBody-Colored Front Bumper w/Black Rub Strip/Fascia AccentBody-Colored Power Heated Side Mirrors w/Manual Folding and Turn Signal IndicatorBody-Colored Rear Bumper w/Black Rub Strip/Fascia AccentClearcoat PaintLiftgate Rear Cargo Access
Interior
2 Seatback Storage Pockets3 12V DC Power Outlets3RD ROW SEAT3rd Row Seat4-Way Passenger Seat -inc: Manual Recline and Fore/Aft Movement6-Way Driver Seat -inc: Manual Recline Height Adjustment and Fore/Aft MovementAir FiltrationBLACK LEATHER SEAT TRIMBLACK TRICOT FABRIC SEAT TRIMBody-Colored Door HandlesCargo Area Concealed StorageCargo Space LightsCarpet Floor TrimCruise Control w/Steering Wheel ControlsDay-Night Rearview MirrorDeep Tinted GlassDriver And Passenger Visor Vanity Mirrors w/Driver And Passenger Illumination Driver And Passenger Auxiliary MirrorFront Bucket SeatsFront Center Armrest and Rear Center ArmrestFront CupholderFront Map LightsFront Windshield -inc: Sun Visor StripFull Carpet Floor CoveringFull Cloth HeadlinerFull Floor Console w/Covered Storage Mini Overhead Console w/Storage and 3 12V DC Power OutletsGauges -inc: Speedometer Odometer Engine Coolant Temp Tachometer Trip Odometer and Trip ComputerHVAC -inc: Underseat Ducts and Headliner/Pillar DuctsINTERIOR LIGHTING KITInstrument Panel Bin Driver / Passenger And Rear Door Bins and Audio Media StorageLocking glove boxManual Air ConditioningManual Anti-Whiplash Adjustable Front Head Restraints and Manual Adjustable Rear Head RestraintsManual Tilt/Telescoping Steering ColumnPower 1st Row Windows w/Driver And Passenger 1-Touch Up/DownPower Door Locks w/Autolock FeaturePower Rear Windows and Fixed 3rd Row Windows
Safety
Airbag Occupancy SensorCompact Spare Tire Stored Underbody w/CrankdownCurtain 1st And 2nd Row AirbagsDual Stage Driver And Passenger Front AirbagsDual Stage Driver And Passenger Seat-Mounted Side AirbagsElectronic Stability Control (ESC) And Roll Stability Control (RSC)Low Tire Pressure WarningOutboard Front Lap And Shoulder Safety Belts -inc: Rear Center 3 Point Height Adjusters and Pretensioners
Mechanical
3.65 Axle RatioElectric Power-Assist Speed-Sensing SteeringEngine: 2.4L I4 GDI DOHC w/Dual CVVTFront-Wheel DriveMulti-Link Rear Suspension w/Coil Springs
Technology
6 SpeakersBluetooth Wireless Phone ConnectivityImmobilizerIntegrated Roof Antenna
Other
110 Amp Alternator17.4 Gal. Fuel Tank4-Wheel Disc Brakes w/4-Wheel ABS Front Vented Discs Brake Assist and Hill Hold Control40-20-40 Folding Split-Bench Front Facing Manual Reclining Fold Forward Seatback Rear Seat w/Manual Fore/Aft54-Amp/Hr 600CCA Maintenance-Free Battery w/Run Down ProtectionABS And Driveline Traction ControlAnalog AppearanceAuto Off Projector Beam Halogen Daytime Running Headlamps w/Delay-OffDelayed Accessory PowerDriver Foot RestEBONY BLACKFOB Controls -inc: Cargo AccessFade-To-Off Interior LightingFixed Rear Window w/Fixed Interval Wiper Heated Wiper Park and DefrosterFront And Rear Anti-Roll BarsFully Galvanized Steel PanelsGVWR: 4 807 lbsGas-Pressurized Shock AbsorbersInterior Trim -inc: Simulated Wood Instrument Panel Insert Simulated Wood/Metal-Look Door Panel Insert Simulated Wood Console Insert and Chrome/Metal-Look Interior AccentsLX CONVENIENCE PACKAGE (7 SEAT) -inc: Backup Warning System Heated Front Seats Auto Dimming Rear View Mirror w/Compass Roof Rails Leather Wrapped Steering Wheel & Gear Shift Knob Carpet Floor Mats (7 Seat) 2nd Row Sunscreen UVO Audio w/eServices &LX Convenience Package (7 Seat)MUDGUARDSMudguardsRadio w/Seek-Scan Clock Speed Compensated Volume Control and Steering Wheel Controls
LX Convenience Package (7 Seat)
Fog LampsUVO Audio w/eServices & Backup Camera Display2nd Row SunscreenCarpet Floor Mats (7 Seat)Leather Wrapped Steering Wheel & Gear Shift KnobRoof RailsAuto Dimming Rear View Mirror w/CompassHeated Front SeatsIncludes Backup Warning System
","05/09/2023, 13:57:45"
https://www.autotrader.com/cars-for-sale/vehicledetails.xhtml?listingId=691259531,Used 2018 Honda CR-V Touring,Honda,CR-V Touring,,"7611 W GRATZ DR, Boise, ID 83709",1.5L 4-Cylinder Turbo Gas Engine,"Modern Steel Metallic Exterior
Gray Leather Seats
",Gas,,Porsche Boise,,2018,,,,"Exterior
18"" Alloy WheelsAlloy wheelsAuto High-beam HeadlightsBumpers: body-colorDelay-off headlightsFront fog lightsFully automatic headlightsHeated door mirrorsPower door mirrorsRear window wiperSpoilerTurn signal indicator mirrors
Interior
Air ConditioningAuto-dimming Rear-View mirrorDriver door binDriver vanity mirrorFront Bucket SeatsFront Center ArmrestFront dual zone A/CFront reading lightsHeated Front Bucket SeatsHeated front seatsLeather Seat TrimLeather Shift KnobMemory seatOverhead consolePassenger door binPassenger vanity mirrorPower LiftgatePower driver seatPower moonroofPower passenger seatPower windowsRear seat center armrestRear window defrosterSpeed-Sensitive WipersSplit folding rear seatSteering wheel mounted audio controlsTachometerTelescoping steering wheelTilt steering wheelTrip computerVariably intermittent wipers
Safety
ABS brakesBrake assistDual front impact airbagsDual front side impact airbagsElectronic Stability ControlLow tire pressure warningOccupant sensing airbagOverhead airbagPanic alarmSecurity systemTraction control
Mechanical
4-Wheel Disc Brakes5.64 Axle RatioFour wheel independent suspensionPower steeringSpeed-sensing steering
Technology
9 SpeakersAM/FM radio: SiriusXMAutomatic temperature controlCompassExterior Parking Camera RearGarage door transmitter: HomeLinkNavigation SystemRadio data systemRadio: AM/FM/HD/SiriusXM Audio SystemRain sensing wipersRemote keyless entrySpeed control
Other
Apple CarPlay/Android AutoFront anti-roll barIlluminated entryOutside temperature displayRear anti-roll barRoof rack: rails only
","05/09/2023, 13:57:54"
https://www.autotrader.com/cars-for-sale/vehicledetails.xhtml?listingId=665784042,Used 2014 Kia Sportage EX,Kia,Sportage EX,,"230 E Chubbuck Road, Chubbuck, ID 83202",2.4L 4-Cylinder Gas Engine,"Silver Exterior
",Gas,,Auto Image,,2014,,,,"Interior
Air ConditioningPower LocksPower WindowsTilt Wheel
Safety
Active SeatbeltsAlarmAll Wheel ABSDual Front AirbagsHead AirbagsRear Head AirbagsSide Airbags
Mechanical
Power Steering
Technology
AM/FM CD/MP3ImmobilizerKeyless Entry
Other
Satellite
","05/09/2023, 13:58:02"
https://www.autotrader.com/cars-for-sale/vehicledetails.xhtml?listingId=691347824,Certified 2019 Alfa Romeo Giulia Ti,Alfa,Romeo Giulia Ti,,"6401 SAN MATEO BLVD NE, Albuquerque, NM 87109",2.0L 4-Cylinder Turbo Gas Engine,"Lipari Gray Metallic Exterior
Black/Red Leather Seats
",Gas,,Garcia Alfa Romeo Albuquerque,,2019,,,,"Driver Assist Dynamic Plus Package
Full Speed FWD Collision Warn PlusLane Departure WarningAuto High Beam Headlamp ControlInfrared WindshieldIncludes Adaptive Cruise Control w/Stop
TI Leather Package
Leather Dash & Upper DoorsIncludes Air Quality System
Driver Assistance Static Package
Auto Dim Exterior MirrorsIncludes Blind Spot & Cross Path Detection
","05/09/2023, 13:58:08"
https://www.autotrader.com/cars-for-sale/vehicledetails.xhtml?listingId=680232312,Used 2016 Volkswagen e-Golf SE w/ DC Fast Charging Package,Volkswagen,e-Golf SE w/ DC Fast Charging Package,,"4902 Lincoln Ave, Cypress, CA 90630",Electric Engine,"Blue Exterior
",Electric,,Auto Republic Cypress,,2016,,,,"Exterior
Alloy wheelsBumpers: body-colorDelay-off headlightsFully automatic headlightsHeated door mirrorsPower door mirrorsRear window wiperTurn signal indicator mirrors
Interior
Air ConditioningAnti-whiplash front head restraintsCloth Seating SurfacesDriver door binDriver vanity mirrorFront Bucket SeatsFront Center ArmrestFront dual zone A/CFront reading lightsHeated Comfort Front SeatsHeated front seatsOverhead consolePassenger door binPassenger vanity mirrorPower driver seatPower passenger seatPower windowsRear reading lightsRear seat center armrestRear window defrosterSpeed-Sensitive WipersSplit folding rear seatTelescoping steering wheelTilt steering wheelTrip computerVariably intermittent wipers
Safety
ABS brakesBrake assistDual front impact airbagsDual front side impact airbagsElectronic Stability ControlEmergency communication systemLow tire pressure warningOccupant sensing airbagOverhead airbagPanic alarmSecurity systemTraction control
Mechanical
Technology
Other
DC Fast Charging Package
","05/09/2023, 13:58:15"
https://www.autotrader.com/cars-for-sale/vehicledetails.xhtml?listingId=688683893,Used 2022 Kia Sorento SX,Kia,Sorento SX,,"3120 LEXINGTON RD, Nicholasville, KY 40356",2.5L 4-Cylinder Turbo Gas Engine,"Passion Red Tintcoat Exterior
Black Leather Seats
",Gas,,Car Town KIA,,2022,,,,"Exterior
Alloy wheelsAuto High-beam HeadlightsBumpers: body-colorDelay-off headlightsFront fog lightsFully automatic headlightsHeated door mirrorsPower door mirrorsRear window wiperSpoilerTurn signal indicator mirrors
Interior
** 7 PASSENGER **3rd row seats: split-benchAir ConditioningAuto-dimming Rear-View mirrorCarpeted Floor MatsDriver door binDriver vanity mirrorFront Bucket SeatsFront Center ArmrestFront dual zone A/CFront reading lightsHeated & Ventilated Front Bucket SeatsHeated front seatsHeated rear seatsHeated steering wheelLeather steering wheelMemory seatOverhead consolePassenger door binPassenger vanity mirrorPower LiftgatePower driver seatPower moonroofPower passenger seatPower windowsRear air conditioningRear reading lightsRear window defrosterSplit folding rear seatSteering wheel mounted audio controlsTachometerTelescoping steering wheelTilt steering wheelTrip computerVariably intermittent wipersVentilated front seats
Safety
ABS brakesBrake assistDual front impact airbagsDual front side impact airbagsElectronic Stability ControlKnee airbagLow tire pressure warningOccupant sensing airbagOverhead airbagPanic alarmSecurity systemTraction control
Mechanical
4-Wheel Disc BrakesFour wheel independent suspensionPower steeringSpeed-sensing steering
Technology
** BLUETOOTH **12 SpeakersAM/FM radio: SiriusXMAutomatic temperature controlBackup CameraBluetoothNavigation SystemRadio data systemRemote keyless entrySpeed control
Other
** 158 POINT INSPECTION **** BOUGHT3.316 Axle RatioApple CarPlay & Android AutoEmergency communication system: UVO LinkFront anti-roll barIlluminated entryOutside temperature displayPerforated Genuine Leather Seat TrimRadio: AM/FM Bose Premium Audio SystemRear anti-roll barRoof rack: rails onlySERVICED AND TRADED ATCARTOWN KIA **Wheels: 8.5J x 20"" Gloss Black Alloy
","05/09/2023, 13:58:23"
https://www.autotrader.com/cars-for-sale/vehicledetails.xhtml?listingId=691697048,Used 2013 Ford Explorer FWD,Ford,Explorer FWD,,"610 East Perkins Avenue, Sandusky, OH 44870",3.5L 6-Cylinder Gas Engine,,Gas,,Mathews Ford-Lincoln Sandusky,,2013,,,,"Exterior
17 steel wheelsBi-functional projector beam headlightsBlack door handlesBlack lower bodyside claddingBlack roof rack side rails w/black end capsBlack wheel lip moldingBody-color spoilerFoundry gray painted grilleP245/65R17 all-season BSW tiresTrailer sway controlUpper body-color/lower black front/rear bumpers
Interior
12V pwr points -inc: (2) front (1) second row (1) cargo area2nd/3rd row privacy glass2nd/3rd seat rear map light50/50 split-folding 3rd row seat60/40 split-folding 2nd row bench seat -inc: fore/aft 40 section adjustable seatAir filtration systemCargo area hooksColor-keyed cloth sunvisors -inc: covered vanity mirrorsFloor console w/armrest & storageFront speed sensitive wipersFront/rear color-keyed carpeted floor matsManual climate control w/aux air condOverhead console w/lights & sunglass holderPwr door locksPwr windows w/1-touch driver downRear 2-speed intermittent wiperRear window defoggerTilt/telescoping steering wheel w/audio & cruise controls
Safety
2nd generation dual front airbags2nd generation dual front side seat airbags4-wheel antilock disc brakesAdvanceTrac w/Roll Stability Control (RSC)LATCH system on rear outboard seat locationsMini spare tireRear door child safety locksSOS Post Crash Alert SystemSafety Canopy -inc: side curtain airbags rollover sensorSeat belts -inc: pretensioners energy management system adjustable height in 1st rowTire pressure monitoring systemTraction control
Mechanical
3.5L Ti-VCT V6 engine -inc: 3.39 axle ratio6-speed SelectShift automatic transmission w/OD (REQ: 998 Engine)Front wheel driveIndependent front/rear suspensionPwr steering
Technology
(6) audio speakersAM/FM stereo w/CD/MP3 playerCruise controlHill start assistMedia hub w/aux input jackRoof mounted antennaSecuriLock passive anti-theft system
Other
175-amp alternator58-amp/hr maintenance-free battery -inc: battery saver featureBelt-Minder featureBlack folding pwr mirrors -inc: integrated blind spot mirrorsCloth front bucket seats -inc: 6-way pwr driver seat manual driver lumbar & recline 2-way manual passenger seat w/manual reclineDark Galvano appliquesENTERTAINMENTEXTERIOREasy fuel capless fuel fillerFront passenger sensing systemFront/rear scuff platesGrab handles -inc: (1) at passenger seat (2) in 2nd rowINTERIORIlluminated entryLED tail lampsLoad floor tie-down hooksMECHANICALMyFord -inc: (2) 4.2 color LCD displays outside temp display 5-way controls located on steering wheelMyKey system -inc: top speed limiter audio volume limiter early low fuel warning programmable sound chimes Beltminder w/audio muteRemote keyless entry w/(2) key fobsSAFETY
","05/09/2023, 13:58:30"
https://www.autotrader.com/cars-for-sale/vehicledetails.xhtml?listingId=689696955,Used 2020 Tesla Model Y Long Range,Tesla,Model Y Long Range,,"2425 W CAMELBACK RD, Phoenix, AZ 85015",Electric Engine,"Red Multi-Coat Exterior
White/Black Leather Seats
",Electric,,Bill Luke Chrysler Jeep Dodge RAM,,2020,,,,"Exterior
Interior
Safety
Mechanical
Technology
Other
","05/09/2023, 13:58:37"
